﻿stt,noidung,dich,stt1,stt2,stt3,stt4,isdapan1,isdapan2,isdapan3,isdapan4,dich1,dich2,dich3,dich4,,,,,,,,,,,
1,この犬のロボットは動きが自然で、まるで（ほんもの）の犬のようだ。,"chú chó robot này cử động tự nhiên, giống hệt một chú chó thật vậy",本物,現状,事実,正式,x,,,,"本物 (BẢN VẬT) ほんもの : hàng thật, đồ thật","現状 (HIỆN TRẠNG) げんじょう : hiện trạng, tình trạng, tình hình","事実 (SỰ THỰC) じじつ : sự thực/thật, thực tế","正式 (CHÍNH THỨC) せいしき : chính thức, sự chính thức",,,,,,,,,,,
1,山下先輩は私の（あこがれ）で、いつか山下先輩のようになりたいと思 っている。,"tiền bối Yamashita là thần tượng của tôi, tôi muốn một ngày nào đó được giống như tiền bối Yamashita",あこがれ,望み,願い,夢,x,,,,"憧れ (SUNG) あこがれ : thần tượng, niềm mơ ước","望み (VỌNG) のぞみ : mong ước, ước muốn","願い (NGUYỆN) ねがい : nguyện vọng, mong muốn","夢 (MỘNG) ゆめ : giấc mơ, giấc mộng",,,,,,,,,,,
1,今日会社で京都支社から東京本社への（てんきん）を命じられ、今月末 に東京へ引っ越すことになった。,"hôm nay, tại công ty, tôi đã được bổ nhiệm chuyển việc từ công ty chi nhánh Kyoto lên tổng công ty tại Tokyo, cuối tháng này tôi sẽ chuyển nhà lên Tokyo",移行,転職,転勤,移住,,,x,,"移行 (DI HÀNH) いこう : chuyển đổi, chuyển giao","転職 (CHUYỂN CHỨC) てんしょく : chuyển việc, nhảy việc, thay đổi nghề nghiệp (bỏ việc A làm việc B)","転勤 (CHUYỂN CẦN) てんきん : chuyển công tác (chuyển việc nhưng trong cùng 1 công ty, không phải nghỉ việc)","移住 (DI TRỤ) いじゅう : di trú, di cư, thay đổi về địa điểm sống (từ quốc gia này sang quốc gia khác, từ nơi A sang nơi B - AB khoảng cách xa đáng kể)",,,,,,,,,,,
1,この辺りの農家は、無農薬で野菜を（さいばい）しています。,nông dân vùng này trồng rau mà không sử dụng thuốc trừ sâu,制 作,栽培,養成,製造,,x,,,"制作 (CHẾ TÁC) せいさく : chế tác, chế tạo những tác phẩm mang tính nghệ thuật cao","栽培 (TÀI BỒI) さいばい : trồng trọt, canh tác","養成 (DƯỠNG THÀNH) ようせい : chăm sóc, nuôi dưỡng, bồi dưỡng",製造 (CHẾ TẠO) せいぞう : chế tạo,,,,,,,,,,,
1,四彼は私の意見に対して何も言わなかったが、（うなずく）ことで同意 を示してくれた。,"bốn người bọn họ không nói gì về ý kiến của tôi, nhưng học đã thể hiện sự đồng ý bằng cách gật đầu",ふりむく,にらむ,かがむ,うなずく,,,,x,"振り向く (CHẤN HƯỚNG) ふりむく : đổi hướng, quay xe","睨む (NGHỄ) にらむ : liếc, lườm","屈む (KHUẤT) かがむ : khom lưng, cong lưng (có thể dùng để nói về trạng thái lưng bị gù)",頷く (HẠM) うなずく : gật đầu,,,,,,,,,,,
1,机の上がいろいろな物で（ごちゃごちゃ）しているから、早くきれいに片付 けよう。,"trên bàn có rất nhiều đồ vật bị vứt một cách bừa bãi, phải nhanh chóng dọn dẹp sạch sẽ thôi",きちんと,ぼんやり,ごちゃごちゃ,きょろきょろ,,,x,,chỉn chu,"mờ nhạt, không rõ ràng","xáo trộn, lung tung beng, tùm lum tà la","bồn chồn, ngơ ngác",,,,,,,,,,,
1,この仕事はとても(ハード)だ。,công việc này rất là khó,楽しい,簡単だ,大変だ,新しい,,,x,,LẠC,ĐƠN - GIẢN,ĐẠI - BIẾN,TÂN,,,,,,,,,,,
1,その話を聞いて(動揺した)。,tôi đã bị dao động (dao động tâm lý) khi nghe câu chuyện này,うれしくなった,不安にな った,不満に思った,面白いと思った,,x,,,,BẤT - AN,BẤT - MÃN,DIỆN - BẠCH - TƯ,,,,,,,,,,,
1,早く(引き返した)ほうカヾいい。,nên nhanh chóng quay lại,払った,直した,戻った,答えた,,,x,,"払う (PHẤT) はらう : trả lại, phủi đi, xua đuổi",直す (TRỰC) なおす : sửa lại,"戻る (LỆ) もどる : trở lại, quay lại",答える (ĐÁP) こたえる : trả lời,,,,,,,,,,,
1,機能を(一層)強化したい。,(tôi) muốn nâng cấp (cường hóa) công năng thêm 1 nấc (1 bậc) nữa,すぐに,少し,できるだけ,もっと,,,,x,直ぐに (TRỰC)すぐに : ngay lập tức,"少し (THIỂU)すこし : một chút, một ít",できるだけ (XUẤT LAI) 出来るだけ : Cố gắng hết sức có thể trong khả năng của mình,もっと : hơn nữa,,,,,,,,,,,
1,急にひどい頭痛がしてきたので、(かかりつけの)病院に行った。,"vì (tôi) đột nhiên đau đầu một cách tồi tệ, nên đã đến bệnh viện quen (thường đến)",いつも行く,休日も開いている,近くの,専門の,x,,,,HÀNH,HƯU - NHẬT - KHAI,CẬN,CHUYÊN - MÔN,,,,,,,,,,,
1,特殊,"特殊 (ĐẶC THÙ) とくしゅ: đặc thù, đặc biệt (khác với những thứ phổ thông thông thường)",その日は夏なのに特殊な寒さだった。,自分で育て た野菜を食べるのは特殊な喜びがある。,母は誕生日など、特殊な日にはとても豪華な料理を作ってくれる。,バスを運 転するためには特殊な免許が必要だ。,,,,x,,,,「必要 (TẤT YẾU) ひつよう」cần thiết phải có 「免許 (MIỄN HỨA) めんきょ」 giấy phép 「特殊 (ĐẶC THÙ) とくしゅ」đặc biệt để 「運転 (VẬN CHUYỂN) うんてん」lái xe bus,,,,,,,,,,,
1,素材,"素材 (TỐ TÀI) そざい : vật liệu sản xuất , nguyên liệu",プラスチックは石油を素材に作られている。,このお店は素材の味を生かした料理で有名です。,いろいろな情報を集めて、判断の素材にする。,故障の素材になったもの を探さなくてはいけない。,,x,,,,Nhà hàng này nổi tiếng với những món ăn biết tận dụng hương vị tươi ngon của nguyên liệu,,,,,,,,,,,,,
1,しみる,"bay vào, thấm vào",飛んできたボールが頭にしみて、けがをした。,煙が目にしみて、涙が止まらなくなった。,食べすぎで、ベルトがおなかにしみて苦しい。,料理をしているときに包丁 の先が指にしみて、少し血が出た。,,x,,,,Khói bay vào mắt nên nước mắt cứ trào ra không ngừng,,,,,,,,,,,,,
1,充満,"充満 (SUNG MÃN) じゅうまん : sung mãn, ngập tràn, nồng nặc, nặng (mùi)",この図書館は、あらゆる分野の本が充満していて、と ても便利だ。,このコンサートは人気があって、常に観客が充満している。,部屋に食べ物の強いにおいが充満 していたので、窓を開けた。,夢が充満している子どもたちが大好きで、小学校の教師になった。,,,x,,,,Trong phòng nồng nặc mùi thức ăn nên (tôi) đã mở cửa sổ ra,,,,,,,,,,,,
1,めくる,"bóc (tờ lịch), lật (trang sách)",この小説は面白くて、次のページをめくるのが楽し みだった。,汗をかいたので、タオルを水でぬらし、きつくめくって体をふいた。,封筒に書類を入れ、開かな いように丁寧にのりでめくっておいた。,そのドアは押すのではなくて手前にめくらないと開きませんよ,x,,,,Cuốn tiểu thuyết này hay quá nên (tôi) đã háo hức lật trang tiếp theo,,,,,,,,,,,,,,
