﻿stt,noidung,dich,stt1,stt2,stt3,stt4,isdapan1,isdapan2,isdapan3,isdapan4,dich1,dich2,dich3,dich4,,,,,,,,,,,
31,X市とY市を結ぶ橋が、約10年の工事（ ? ）、昨年ようやく完成 した。,"Cây cầu kết nối thành phố X và thành phố Y ước tính thi công trong 10 năm, cuối cùng cũng đã hoàn thành vào năm ngoái",の際,の末,のたび,のもと,,x,,,,,,,,,,,,,,,,,
32,「田中さんがこの会社をやめるって話、まだ秘密みたいだから、 悪いけど、聞かなかった（ ? ）にしてくれない?」,"Chuyện anh Tanaka nghỉ việc ở công ty này, có vẻ như vẫn còn là một bí mật. Hơi tệ một chút, nhưng (anh) có thể coi (làm) như chưa nghe thấy gi giúp tôi được không?",こと,だけ,もの,の,x,,,,,,,,,,,,,,,,,,
33,最近、よくお腹が痛くなるので、病院で診てもらったら、（ ? ）ストレスが原因だろうと言われた。,"Gần đây tôi hay bị đau dạ dày, đi khám thì bác sĩ bảo có lẽ nguyên nhân là do căng thẳng (stress)",どうか,まさか,おそらく,いったい,,,x,,,,,,,,,,,,,,,,
34,私は、急な雨（ ? ）、いつも折り畳み傘を持ち歩いている。,Tôi luôn đề phòng những cơn mưa bất chợt (cơn mưa ngang qua) nên lúc nào đi bộ cũng cầm theo cái ô gấp (ô thu gọn),に反して,に加えて,に備えて,に応じて,,,x,,,,,,,,,,,,,,,,
35,（自転車屋で）客「すみません、自転車のブレーキ、壊れちゃっ たんですけど、すぐ直りますか。」 店員「そうですね、これだったら30分（ ? ）直りますよ。」,"(Tại cửa hàng xe đạp) Khách hàng: ""Xin lỗi đã làm phiền, nhưng phanh xe đạp của tôi hỏng mất toi rồi, có thể sửa ngay (cho tôi) được không?"" Nhân viên: ""Vậy à...nếu là thế (nếu đúng là hỏng phanh) thì có khi phải sửa đến 30 phút đấy ạ""",も あるのに,もあれば,はないのに,はなければ,,x,,,,,,,,,,,,,,,,,
36,（講演会で）司会「ご来場の皆様、本日は第3回さくら市教育講 演会に（ ? ）、ありがとうございます。」,"(Tại buổi diễn thuyết) Người dẫn chương trình :""Xin cảm ơn quý khách đã tới buổi diễn thuyết về giáo dục lần thứ 3 của thành phố Sakura""",まいり,ご覧になり,お目にかかり,おいでくださり,,,,x,,,,,,,,,,,,,,,
37,夫は動物が好きじゃないから、もし私がペットを飼いたいと言っ ても、（ ? ）。,Vì chồng tôi không thích động vật nên nếu mà tôi nói là muốn nuôi pet (thú cưng) thì chắc chắn là anh ấy sẽ phản đối.,反対しかねる,反対しようがない,反対するならいい,反対するに決まっている,,,,x,,,,,,,,,,,,,,,
38,今はスポーツも演劇もテレビで見られる時代だが、直接見ること に（ ? ）得られない感動というものがある。,"Bây giờ là thời đại dù là xem thể thao hay phim kịch thì đều có thể xem bằng tivi, thế nhưng có một loại cảm xúc phấn khích mà chúng ta chỉ có thể có được khi xem trực tiếp",とってしか,よってしか,ついてのみ,対してのみ,,x,,,,,,,,,,,,,,,,,
39,子供のおもちゃは、種類ごとに透明なケースにしまって中身がわ かる（ ? ）、子供がおもちゃを探しやすくなるので、おすすめです。,Đồ chơi của trẻ con thì (tôi khuyến khích) nên chọn loại để trong case (hộp) trong suốt để trẻ có thể dễ dàng tìm thấy đồ chơi.,ようになるには,ようにして おくと,ようになっても,ようにしておいて,,,x,,,,,,,,,,,,,,,,
40,昨日購入した中古の大型バイクは、かなり古いものなのだが、と てもきれいな状態だった。前の持ち主によほど大切に（ ? ）。,Cái xe đạp loại lớn (hạng nặng) mà hôm qua tôi lấy về (nhập về) mặc dù là đồ tương đối cũ nhưng tình trạng xe lại rất đẹp. Chắc hẳn là (cái xe này) đã được chủ cũ chăm sóc rất tốt,されてもおかしくない,し続けても おかしくない,されていたに違いない,し続けていたに違いない,,,,x,,,,,,,,,,,,,,,
41,（電話で）上田「課長、すみません、今日お休みをいただけない でしょうか。娘と夫が風邪で熱を出してしまったんです。」 課長「それは大変だね。わかりました。看病で 疲れて、上田さんが（ ? ）。」,"(Điện thoại) Ueda :""Xin lỗi đã làm phiền trưởng phòng, nhưng hôm nay tôi có thể nghỉ được không ạ? Chồng và con gái tôi bị cảm nên sốt hết cả rồi"" Trưởng phòng :""Vất vả cho anh quá, tôi hiểu rồi. Anh Ueda cố gắng không đổ bệnh vì chăm sóc bệnh nhân nhé""",倒れなくなるよ,倒れてしまいたくないのに,倒れないことになるの,倒れてし まわないようにね,,,,x,,,,,,,,,,,,,,,
42,山田「林さんの手作りクッキー、本当においしかったです。どう もありがとうございました。」林「どういたしまして。山田さんにおいしいって（ ? ）です。」,"YAMADa : [ Bánh chị Kobayashi làm ngon lắm, cảm ơn bạn.] - Kobayahsi : [Không có gì đâu, được anh Yamada nói ngon là tôi thấy vui rồi. ]",言っ てもらえてよかった,言ってもらってもよかった,言ってあげられてよかった,言ってあげてもよかった,x,,,,,,,,,,,,,,,,,,
43,他社からの質問や問い合わせには、一度社内で ___ ___ ★ ___ できないことになっています。,"他社からの質問や問い合わせには、一度社内で検討してからでないと回答できないことになっています。: Với những câu hỏi từ các công ty khác, chúng tôi phải bàn bạc với nhau trong nội bộ công ty rồi mới có thể trả lời được.",検討,回答,でないと,してから,,,x,,,,,,,,,,,,,,,,
44,昨日の夜は、11時までには ___ ___ ★ ___ 、結局寝たのは 1時だった。,"昨日の夜は、11時までには寝ようとおもいつつ、ついテレビを見続けてしまい、結局寝たのは 1時だった。: Đêm qua, nghĩ trong đầu là tới 11h sẽ đi ngủ vậy mà lỡ ngồi xem ti vi mãi, kết cục là tới 1h mới ngủ.",つい,寝ようと,思いつつ,テレビを見続けてしまい,x,,,,Lỡ ... Làm cái gì đó trong vô thức,,,,,,,,,,,,,,
45,私は、新しいことにチャレンジするときでも悩まない。 ___ ___ ★ ___ と思っているからだ。,"私は、新しいことにチャレンジするときでも悩まない。まずやってみてうまくいかなかったらそのときにどうしたらいいかもう一度考えればいいと思っているからだ。: Tôi không bao giờ lo lắng ngay cả khi thử thách với điều gì mới. Bởi vì tôi nghĩ rằng là trước tiên là làm thử, nếu mà không làm tốt thì sẽ suy nghĩ lại xem lúc đó nên làm gì thì tốt.",まずやってみて,もう一度考えればいい,うまくいかなかったら,そのときにどうしたらいいか,,,,x,,,,,,,,,,,,,,,
46,家の近くの本屋では ___ ___ ★ ___ 少し遠いけど行ってみ ようと思う。,"家の近くの本屋ではもう売り切れていて買えなかった漫画の最新号が隣町のABC書店に行けばまだ買えるらしいので少し遠いけど行ってみ ようと思う。: Vì ở hiệu sách gần nhà đã bán hết hàng, mà lại nghe nói tới cửa hàng sách ABC vẫn đang còn bán nên dù có hơi xa một chút nhưng tôi vẫn quyết định sẽ đi thử xem sao.",買えなかった漫画の最新号が,まだ買えるらしいので,もう売り切れていて,隣町のABC書店に行けば,x,,,,,,,,,,,,,,,,,,
47,話題のカレー屋さんを初訪問。野菜の ___ ___ ★ ___ 「夏 限定ベジタブルカレー」。評判どおりのおいしさだった。,"話題のカレー屋さんを初訪問。野菜のカレーがいくつかある中で私が選んだのは夏の野菜がたっぷり入った「夏 限定ベジタブルカレー」。評判どおりのおいしさだった。: Lần đầu tiên tới quán cà rê đang nổi tiếng. Trong số nhiều loại cà rê rau, món mà tôi chọn là món 「夏限定ベジタブルカレー」được cho thật là nhiều ra của mùa hè. Vị ngon y hệt như mọi người đánh giá",中で,私が選んだのは,夏の野菜がたっぷり入っ た,カ レーがいくつかある,,x,,,,,,,,,,,,,,,,,
