﻿stt,noidung,dich,stt1,stt2,stt3,stt4,isdapan1,isdapan2,isdapan3,isdapan4,dich1,dich2,dich3,dich4,,,,,,,,,,,
31,テレビの後ろ側は、すぐほこり（）になってしまう。,Mặt sau của TV thì nhanh chóng bị bám bụi.,きり,じゅう,ぐらい,だらけ,,,,x,霧　( Vụ) きり: sương mù; phủ sương mù,,"ぐらい： Đến (khoảng) mức độ, (gần như) đủ rằng,","「だらけ」はよくないものがいっぱいある。=> Có nhiều thứ xấu, không tốt như là toàn bụi rác trong phòng, toàn lỗi sai chẳng hạn",,,,,,,,,,,
32,"A「ねえ、明日、有事があるって言ってたけど、パーティーには 来られそう?」 
- B「有事が何時に終わるかわからないんだよ。行ける（ ）、多分、途中からになると思う","A: Này, vào ngày mai cậu nói là có việc bận, thế nhưng cậu có thể đến bữa tiệc không?) - B: Tôi không biết khi nào thì xong việc. nhưng nếu đi được thì tôi nghĩ chắc là vào lúc giữa chừng.",からって,ものなら,どころか,としても,,x,,,,ものなら：Nếu có thể thì muốn làm gì đó,所か　( Sở) どころか: Chẳng những...mà còn; Khoang nói tới.,としても：Dù gì; giả sử là đi chăng nữa,,,,,,,,,,,
33,X社は、新しい事業を始める（ ）、現在、社員を募集している。,Công ty X hiện đang tuyển nhân viên để bắt dự án mới.,とすると,にあたって,からには,のだったら,,x,,,,,,,,,,,,,,,,,
34,私はピアノを弾くことが、好き（ ）好き（ ）たまらない。,Tôi rất yêu thích chơi piano.,が/が,に/に,で/で,は/は,,,x,,,,て～て...Ơi...là quá,,,,,,,,,,,,
35,"（電話で）田中「ねえ、明日のイベントの準備、終わった? 小川 「まだ終わってないけど、まあ、大丈夫だよ。」
田中「（ ）小川さんの楽観的な性格がうらやましいよ。」","(Điện thoại) Tanaka: Này, bạn đã chuẩn bị xong cho sự kiện ngày mai chưa? 
Ogawa: ""Vẫn chưa kết thúc, nhưng không sao."" 
Tanaka: Tôi ghen tị với tính cách lạc quan của Ogawa.",そんなに,あんなに,そういう,ああいう,,,,x,,,,,,,,,,,,,,,
36,日曜日に行われたマラソン大会に弟が参加して、10キロのコース を45分で（ ）。,Em trai tôi tham gia cuộc thi marathon được tổ chức vào Chủ nhật và chạy cự ly 10km trong 45 phút.,走りきった,走り始めた,走ってばかりだ,走るようにする,x,,,,"走りきる：Chạy xong, hoàn thành",,,,,,,,,,,,,,
37,子供のころ、海水浴に行く前の日はいつも「どうか明日は雨が（ ）」ながら寝ていた。,"Khi tôi còn nhỏ, trước ngày đi biển tôi lúc nào cũng nói: ""Mong là ngày mai trời không mưa."" lúc ngủ.",降ることはありません,降りませんように,降らなくてもいい,降らないでしょうか,,x,,,,"Động từ thể ます＋ように: Mong là, ước là",,,,,,,,,,,,,
38,鈴木選手は、アマチュア時代に何度かこの大会に出場しているが 、プロの選手（ ）今回が初めての出場だ。,"Suzuki đã tham gia giải đấu này vài lần với tư cách là một tay　nghiệp dư, nhưng đây là lần đầu tiên anh xuất hiện với tư cách là một tuyển thủ chuyên nghiệp.",としては,としても,にとっては,にとっても,x,,,,としては：Với tư cách là..,,,,,,,,,,,,,,
39,泣くのを我慢（ ）、逆に涙はあふれ出した。,"Càng cố kìm nước mắt, nước mắt càng trào ra.",しようとする ことから,しそうになることから,しようとすればするほど,しそうになればなるほど,,,x,,,,Ⅴすればするほど：Càng..càng...,,,,,,,,,,,,
40,押し入れを片付けていたら、子供のことに大切にしていたぬいぐ るみが出てきた。（ ）と思ったが、どうしても捨てられなかった。,"Khi tôi đang thu dọn tủ quần áo, tôi tìm thấy một con thú nhồi bông mà tôi đã nâng niu khi còn nhỏ. Tôi đã nghĩ đến việc vứt bỏ nó, nhưng tôi không thể.　＊縫いぐるみ：（Phùng) thú nhồi bông.",捨ててくるだろう,捨てている のだ,捨ててあるのか,捨ててしまおうか,,,,x,,,,"Vてしまいました、Vてしまう：có hai nghĩa. có nghĩa là lỡ, mất( thể hiện việc nuối tiếc, không hề muốn ở quá khứ); nhưng cũng có nghĩa là cho xong, cho rồi(thể hiện một hành động sắp hoàn thành trong tương lai gần và cũng mang ý nghĩa nuối tiếc).しまおう",,,,,,,,,,,
41,"田中 「昨日、息子がひろしくんに（ ）、ありがとうございます 。」
ひろしの母「いえいえ。","Tanaka: ""Tôi nghe nói rằng con trai tôi đã chơi với Hiroshi ngày hôm qua. Cảm ơn bạn."" Mẹ của Hiroshi: ""Không, không có gì"".",遊んでもらえそうで,遊んでくれそうで,遊んでもらったそうで,遊んでくれたそうで,,,x,,,,[Danh từ 1 (người nhận)] は/が [Danh từ 2 (người cho)] に + ～てもらいます。,,,,,,,,,,,,
42,この映画を見て、私は今までこれほど何かに夢中に（ ）と考え させられた。,Bộ phim này khiến tôi tự hỏi liệu mình đã từng bị ám ảnh bởi điều gì đó chưa.,なることがあるだろうか,なったことがあっただろうか,することがあるだろうか,したことがあっ ただろうか,,x,,,,,,,,,,,,,,,,,
43,料理の面白いところは、安い材料でも ___ ___ ★ ___ がで きるところです。,"料理の面白いところは、安い材料でも工夫次第で豪華なごちそうができるところです。 
Điều thú vị của nấu ăn là ngay cả với những nguyên liệu rẻ tiền, bạn có thể làm một bữa tiệc sang trọng tùy thuộc vào sự khéo léo của bạn.",ごちそう,工夫,豪華な,次第で,,,x,,,,,,,,,,,,,,,,
44,"田 中「昨日は、息子の高校の入学式だったんですよ。」
山田「田中さんの ___ ___ ★ ___ ですか。早いですね。」","田 中「昨日は、息子の高校の入学式だったんですよ。」 山田「田中さんの 息子さんももう高校生ですか。早いですね。」
Tanaka: Hôm qua là lễ nhập học cấp 3 của con trai tôi Yamada: Con trai của Tanaka chắc đã là học sinh cấp 3 rồi nhỉ?, nhanh thật ha.",もう,息子さん,高校生,も,,,x,,,,,も...か：Chắc cỡ,,,,,,,,,,,
45,世界各国の国会議員選挙における投票率を世代ごとに見ると、若 い世代の ___ ___ ★ ___ ことがわかる。,"世界各国の国会議員選挙における投票率を世代ごとに見ると、若 い世代の 投票率は我が国に限らず相当的に低い傾向があることがわかる。Nhìn vào tỷ lệ cử tri đi bầu trong các cuộc bầu cử quốc hội trên thế giới theo từng thế hệ, chúng ta có thể thấy rằng tỷ lệ cử tri đi bỏ phiếu của thế hệ trẻ có xu hướng thấp đáng kể, không chỉ ở Nhật Bản.",我が国に限らず,傾向がある,投票率は,相当的に低い,,,,x,,,,"投票率 ( Đầu - Phiếu- Suất )とうひょうりつ: tỉ lệ bỏ phiếu, tỉ lệ bầu cử",,,,,,,,,,,
46,5歳の娘は、私と同じ警察官になりたいと誇っている。本当に将 来 ___ ___ ★ ___ 感激した。,"5歳の娘は、私と同じ警察官になりたいと誇っている。本当に将 来 なるかというかは別としてそんなことを言ってくれたんことに感激した。Con gái năm tuổi của tôi tự hào muốn trở thành một cảnh sát giống như tôi. Mặc kệ điều này có thực sự xảy ra trong tương lai hay không, tôi vô cùng xúc động khi con gái đã nói như vậy. *誇る ( Khoa)　ほこる: Tự hào,kiêu hãnh.",別として,そんなことを,言ってくれたんことに,なるかとうかは,,,x,,,,,,,,,,,,,,,,
47,試合に負けて本当は ★ ___ ___ ___ 表情だったのは、「つ らいときこそ明るく」というのが監督の方針だからだそうだ。,"試合に負けて本当は 悔しいはずのなぜか選手たちが明るい 表情だったのは、「つ らいときこそ明るく」というのが監督の方針だからだそうだ。
Đáng ra phải thất vọng trong trận đấu thua, nhưng các tuyển thủ lại trông vui vẻ là bởi vì chính sách của huấn luyện viên là ""vui vẻ khi mọi thứ khó khăn.""
",悔しいはずの,明るい,なぜか,選手たちが,,x,,,悔しい ( Hối )　くやしい: Hối tiếc,,,,,,,,,,,,,,
