﻿stt,noidung,dich,stt1,stt2,stt3,stt4,isdapan1,isdapan2,isdapan3,isdapan4,dich1,dich2,dich3,dich4
1,（倒さない）ように気をつけてください。,Hãy chú ý đừng làm đỏ., くずさない ,たおさない,こわさない, つぶさない,,x,,,"崩す→Làm vỡ, phá vỡ",làm đổ,壊す→Làm hỏng,潰す→Bẹp
2,今回の件での（損害）は数千万円にのぼった。,Tổn hại của vụ việc lần này đã lên tới vài nghìn vạn yên, ひがい , そんかい ,そんがい, ひかい,,,x,,被害→Bị dại,,Tổn hại,
3,思ったより（険しい）山道だった。,Con đường núi nguy hiểm hơn tôi tưởng,くるしい,さびしい, はげしい ,けわしい,,,,x,"苦しい→Vất vả, khó khăn",寂し→Buồn,激しい→Khốc liệt,"Nguyên hiểm, hiểm trở"
4,この辺りは（比較的）人通りが少ない。,Khu vực quanh đây tương đối ít người qua lại,ひこうてき, ひこてき , ひかくてき,ひかてき,,,x,,,,"Khá là, tương đối",
5,飛行機は（下降）を始めた。,Máy bay bắt đầu hạ cánh,かこう,かくう, げこう ,げくう,x,,,,,,,
6,鈴木さんは（あざやか）な色のシャツを着ていた。,Anh Suzuki đang mặc cái rực rỡ,鮮やか,美やか,清やか,純やか,x,,,,"(Tiên) Rực rỡ, chói lóa",(mỹ),(thanh),(thuần)
7,今年の夏休みは（きせい）の予定はありません。,Nghỉ hè năm nay thì tôi không có ý định về quê,帰勢,帰斉,帰省,帰成,,,x,,,,(quy - tỉnh) Về quê,
8,もう少し（ちぢめて）ください。,Hãy cho nó ngắn lại thêm 1 chút,薄めて,納めて,貯めて,縮めて,,,,x,"(Bạc)うすめる→Làm mờ, làm nhạt đi",(Nạp)おさめる→Nộp,(Trữ0ためる→Trữ,"(Súc) thu gọn, rút ngắn lại"
9,これからさまざまなことを（じっせん）していきたい。,Từ nay thì tôi muốn được thực hành thật là nhiều điều,実施,実践,実桟,実旋,,x,,,(Thực thi) じっし→thực thi,(Thực tiễn)じっせん→thực tiễn,,
10,西村氏の作品の中ではこの小説は、かなり（いしょく）だ。,Trong những tác phẩm của anh Ishimura thì tiểu thuyết này mang màu sắc khá riêng biệt,異色,違色,異食,違食,x,,,,(Dị sắc) Màu sắc tiêng biệt,,,
11,宿題を（ ）提出するよう、先生に言われた。,Tôi bị thầy nhắc là hãy nộp lại bài tập về nhà.,復,改,再,補,,,x,,(Phục),(Cải),(Tái)再提出：さいていしゅつ→Nộp lại,(Bổ)
12, あの人は都会（ ）だ。,Người đó sinh ra ở thành phố (dân thành phố),育ち,過ごし,始まり,生き,x,,,,都会育ち：とかいそだち→Sinh ra ở thành phố,"すごし→sống, trải qua",はじまり→bắt đầu,いき→Sống
13,（ ）仕事終わったので、休憩しよう。," Làm xong 1 phần công việc rồi, nghỉ ngơi thôi",半,短,小,一,,,,x,(Bán)はん→1 nửa,(Đoản)みじかい・たん→ngắn,(Tiểu)しょう→Nhỏ,一仕事：1 phần công việc
14,彼の演技はとても個人的で、見る人の（ ）が大きく分かれる。,"Do diễn xuất của anh ấy rất mang tính cá nhân, nên sự đánh giá của người xem được phân chia khá lớn.",考慮,評価,信頼,測定,,x,,,(Khảo lự)こうりょ→Suy nghĩ,(Bình giá )ひょうか→Đánh giá,(Tín lại)しんらい→Tin tưởng,(Trắc định)そくてい→Trắc định
15,話し合いでは、相手の意見を（ ）し、よく聞くことが大切だ。,Trong những cuộc bàn bạc thì việc tôn trọng và lắng nghe ý kiến của đối phương là điều quan trọng,尊重,信仰,提案,発揮,x,,,,(Tôn trọng)そんちょう→tôn trọng,(Tín ngưỡng)しんこう→Tín ngưỡng,(Đề án)ていあん→Đề xuất,(Phát huy)はっき→Phát huy
16,この商品は、健康を気にする40代から50代の人を（ ）に開発しました。,Sản phẩm này được sản xuất để nhắm tới những người đang quan tâm tới sức khỏe ở độ tuổi 40-50,ゴール,インパクト,アピール,ターゲット,,,,x,Đích (goal),"Tác động, ảnh hưởng ( impact)",Làm nổi bật (Appear),Nhắm tới (target)
17,佐藤さんは服装や髪形が個性的で、他の人とは違う（ ）の雰囲気がある。,Anh Sato có trang phục và màu tóc rất cá tính nên có cảm giác đặc biệt khác với người khác ,定着,専用,独特,区別,,,x,,"(Đinh trước) ていちゃく→Định hình, ổn định",(Chuyên dụng)せんよう→Chuyên dụng,"(Độc đắc)どくとく→Đặc sắc, riêng biệt",(Khu biệt)くべつ→Phân biệt
18, 前回の大会では、あの二人は最後まで優勝を（ ）していた。,"Trong đại hội lần trước, 2 người đó đã tranh giành chức vô địch cho tới cùng",戦って,争って,奪って,破って,,x,,,"(Chiến)たたかう→Chiến đấu, thi đấu","(Tranh)あらそう→Chiến tranh, trnah giành",(Đoạt)うばう→Chiếm đoạt,(Phá)やぶる→phá
19,高橋さんの家を訪ねたが、みんな出かけているようで、人の（ ）がなかった。,"Tôi đã tới thăm nhà anh Takahashi, nhưng có vẻ như là không có ai ở nhà, cảm giác như nhà không có người. ",動作,実感,気配,状態,,,x,,(Động tác) どうさ→Động tác,"(Thực cảm)じっかん→cảm giác thực, cảm nhận thực tế","(Khí phối)けはい→Cảm giác, cảm nhận","(Trạng thái)じょうたい→Trạng thái, tình trạng"
20,彼は自分で決めたルールも守らない、（ ）人だ。,"Anh ấy không tuân thủ những quy tắc do mình đề ra, là người không có quy củ.",不規則な,あやふやな,大まかな,いいかげんな,x,,,,(Bất quy tắc)ふきそく→Không có nguyên tắc,"Mập mờ, quanh co","おおまか→Qua loa, đại khái",Vô trách nhiệm
21,ボランティアで町の名所を（ガイド）している。,Tôi đang làm việc tình nguyện hướng dẫn những nơi nổi tiếng trong thành phố,案内して,宣伝して,調査して,記録して,x,,,,(Án nội)あんない→Hướng dẫn,(Tuyên truyền)せんでん→Tuyên truyền,(Điều tra)ちょうさ→Điều tra,"(Kí lục)きろく→Kỷ lục, ghi chép"
22,山口さんも（真剣に）作っていた,Anh Yamaguchi cũng đang làm một cách nghiêm túc,上手に,自由に,積極的に,まじめに,,,,x,"(Thượng thủ)じょうず→Giỏi, khéo ",(Tự do)じゆう→Tự do,(Tự do đích)せっきょくてき→Mang tính tích cực,Ban đầu
23,彼女のような歌手は（まれだ）と思う。,Tôi nghĩ rằng hiếm có ca sĩ nào giống như cô ấy.,あまりいない,人気が出ない,人気が出る,たくさんいる,x,,,,Không hay có,"Không được đánh giá tốt, không được ưa thích",Được ưa thích,Có nhiều
24,この道は（終日）通行止めです。,Con đường này tới cuối ngày sẽ cấm đi lại,週末,夜間,一日中,今日まで,,,x,,(Chu mạt)しゅうまつ→Cuối tuần,(Dạ gian)やかん→Giữa đêm,(Nhất nhật trung)いちにちじゅう→Trong cả ngày,きょうまで→Cho tới hôm nay
25,青木さんは髪を（いじって）いた。,Anh aoki đã mân mê tóc,切って,触って,洗って,乾かして,,x,,,(Thiết)きる→Cắt,(Xúc)さわる→Sờ,(Tiễn)あらう→Rửa,(Can)かわかす→Làm khô
26,初期,(Sơ kỳ ) thời kỳ đầu, 曲の初期の部分を聞いただけで、題名が何かわかりました。 , この建物は有名な建築物で、明治時代の初期に建てられました。,池田選手は、試合の初期では負けていたが、最後には勝つことができた。, 今日は朝から雲に覆われ、初期は雨だったが、途中から雪に変わった。,,x,,,"曲（きょく）bài hát, 題名（だいめい）Tiêu đề.  =>Vì chỉ nghe mình đoạn đầu của bài hát nên tôi không biết tên bài hát là gì.","建物（たてもの）Tòa nhà, 明治時代（めいじじだい）Thời minh trị. => Đây là tòa nhà nổi tiếng được xây dựng vòa giai đoạn đầu thời Minh trị.","先週（せんしゅう）Cầu thủ, 試合（しあい）Trận đấu. => Tuyền thủ Ikeda đầu trận đấu đã thua nhưng cuối cùng thì anh ấy đã thắng","雲（くも）Mây, 覆う（おおう）Che phủ、途中（とちゅう）Giữa chừng. => Hôm nay từ sáng trời đã phủ đầy mây, lúc đầu thì mưa nhưng giữa chừng chuyển thành tuyết rơi."
27,打ち明ける,"うちあける→thẳng thắn, cởi mở, nói rõ suy nghĩ",仕事でわからないことがあれば、彼が何でも打ち明けてくれます。, 谷口さんが戻ってきたら、伝言を打ち明けておいてもらえますか。 , 大事な情報はすぐに上司に打ち明けましょう。 ,ずっと秘密にしていたことを友達に打ち明けた。,,,,x,"Trong công việc khi có chỗ không hiểu, bất kể vấn đề gì anh ta cũng chỉ cho tôi.",Sau khi anh Taniguchi về thì có thể chuyển lời tới anh ấy giúp tôi được không,Hãy ngay lập tức báo cáo lại những thông tin quan trọng với cấp trên,Tôi đã tiết lộ bí mật mà mình giấu mãi với bạn bè
28,欠陥,(Khuyết hãm) けっかんkhuyết điểm,あの人の欠陥は、自分に都合の悪いことがあるとうそをつくことだ。,眼鏡のレンズを硬い布でふいたら、欠陥がついてしまった。,発表された車のブレーキに欠陥が見つかり、販売が中止された。,このサービスを利用することの欠陥は費用が非常にかかることだ。,,,x,,Chỗ không tốt của anh ta là có vấn đề gì bất lợi cho bản thân là anh ta sẽ nói dối.,Khi lấy khăn cứng lau mắt kính thì đã làm sước nó.,Phát hiện ra lỗi ở phanh của chiếc xe mới được bán ra nên đã tạm dừng kinh doanh,Vấn đề của việc sử dụng dịch vụ này là rất tốn phí
29,引退,(Dẫn thoái) いんたい→về hưu,山本さんは去年入学したばかりの大学を引退し、別の大学を受験するらしい。,これまで多くの名作を残した映画監督が、今回限り引退することを発表した。, この書店はもうすぐ商店街から引退し、駅前のビルの中で店を始めるらしい。 ,中村選手は前大会でのけがが回復せず、次の試合への出場を引退した。,,x,,,Nghe nói anh Yamamoto đã bỏ trường đại học mà anh ấy thi năm ngoái để thi vào trường khác.,Vị đạo diễn đã để lại nhiều tác phẩm nổi tiếng đã phát biểu rằng chính vào lần này anh ấy sẽ giải nghệ.,Nghe nói hiệu sách này sắp sửa rời tiệm khỏi khu phố buôn bán và mở tiệm ở tòa nhà trước ga.,Tuyển thủ Nakamura không thể hồi phục chấn thương vào đại hội trước và sẽ không tham gia được vào đại hội tới.
30,ぎっしり,"Đầy ắp, lèn chặt",大きな箱に本がぎっしり詰まっている。,ジュースがコップにぎっしり入っている。,少し太ったせいで、ズボンがぎっしりしている。, 朝の電車はいつも人でぎっしりしている。,x,,,,Sách nhét đầy một hộp to,Nước hoa quả đổ đầy cốc,Vì tôi béo lên 1 chút nên quần hơi bị chật,Tàu điện buổi sáng chật kín người
31,明日、海外に留学中の友人が1年（ ）帰国する。会って話を聞くのが楽しみだ。,"Ngày mai, người bạn đi du học nước ngoài của tôi sẽ về nước sau 1 năm. Tôi đang háo hức để gặp nó nói chuyện.", おきに,たびに,ぶりに,うちに,,,x,,Cứ cách mỗi ..., ,Cách 1 khoảng thời gian nào đó. 10年ぶりに... : 10 năm rồi chưa làm gì đó.,Trong lúc
32,12年間付き合っている彼女に、今年（ ）結婚を申し込もうと思っている。,Tôi định chính vào năm nay sẽ đăng ký kết hôn với cô gái mà tôi đã yêu suốt 12 năm qua,こそ ,さえ,すら,のみ,x,,,,Chính,Chỉ cần,Ngay cả,Chỉ. Giống với だけ
33,腰の曲がった老人に似ている（ ）、エビは「海老」とも書かれると聞いた。,Vì lưng cong giống như người già nên con tôm được viết với chữ hán là [hải lão],ものを,とともに,うえで,ところから,,,,x,,Cùng với,Sau khi,"Từ...nên, vì... Nên"
34,上司「ゼミナー会場の準備はどう？順調？」  -  部下「ええ、いすも並べ終わりましたし、（ ）資料を受付に運ぶだけです。」,"Cấp trên : chuẩn bị cho hội thảo thế nào rồi? Ổn chứ?. -- Cấp dưới: dạ, bàn ghế em cũng xếp xong rồi, còn lại chỉ cần mang tài liệu tới quầy tiếp tân nữa là xong.",特に ,あとは,少しも,あまりに,,x,,,Đặc biệt là,"Sau đó, sau",Một chút cũng,"Không hay..., không nhiều"
35,"このテニスコートの利用料金は2時間1,000円で、1時間しか使わない（ ）、1,000円払わなければならない。","Phí chơi ở sân tenis này 2 tiếng là 1000 yen, trong trường hợp chỉ chơi 1 tiếng thôi cũng phải trả 1000yen.", 場合でも, 点でも ,場合には,点には,x,,,,Cả trường hợp,Ngay cả điểm,Trong trường hợp,"Ở điểm, ở mặt ..."
36,毎日日記を書きつづけることは、（ ）、けっこう難しいことだ。,Việc viết nhật ký hằng ngày tưởng đơn giản nhưng khá là khó,簡単らしいし, 簡単なようであれば , 簡単らしくて,簡単なようでいて,,,,x,Vừa dễ mà vừa ...,Nếu mà có vẻ dễ,Có vẻ dễ,Có vẽ dễ nên...
37,梅雨に入ってもほとんど雨が降らないので、庭の花が（ ）心配だ。,"Vào mùa mưa rồi mà trời vẫn không mưa, tôi lo hoa trong vườn sẽ bị héo mất",枯れていないことで, 枯れてしまわないか ,枯れていないからと ,枯れてしまわないのを,,x,,,,枯れてしまう→枯れてしまわない：Không bị héo mất à. (Lo lắng không biết cây của mình có bị héo mất không ),,
38,今日は、本当は映画を（ ）が、雪が降ってきたので、やめた。,"Hôm nay tôi định sẽ đi xem phim, nhưng vì tuyết rơi nên tôi đã không đi nữa.",見に行ってばかりだ, 見に行ったばかりだ , 見に行くつもりだった ,見に行ったつもりだった,,,x,,,Vừa mới đi xem,Dự định đi xem,Đã dự định đi xe
39,今回の戦略が有効であったかどうかは、まだ結果が出ていない現時点では（ ）。,Việc chiến lược lần này có hiệu quả hay không tại thời điểm mà chưa có kết quả như hiện tại thì không thể phán đoán được.,判断すべきだ,判断しかねる,判断したにすぎない,判断ざるを得ない,,x,,,Nên phán đoán,Không thể phán đoán,Chỉ là phấn đoán,Bắt buộc phải phán đoán
40,この馬の絵は本物そっくりに描かれていて、今にも（ ）。,"Con ngựa này được vẽ y như thật vật, giống như là đang chạy vậy.",走っていたい,走っているようだ,走り出しそうだ,走り出したがる,,,x,,Muốn chạy,Như là đang chạy,Có vẻ dễ vẻ như sẽ chạy,Muốn chạy
41,私たちが旅館に着くと、従業員たちが笑顔で「ようこそ（ ）」とあいさつしてくれた。,"Khi tôi tới lữ quán, những nhân viên ở đây đã niềm nở chào rằng ""Kính chào quý khách, chào mừng quý khách đã tới""",お越しくださいました,お伺いました,お呼びいただきました,お迎えしました,x,,,,Tới,Hỏi,Gọi,Đón
42,"木村「田中くん、アルバイトを探してるんだって？」
田中「うん、そうなんだ。」
木村「私が働いている店がアルバイトを募集しているから応募してみない？もちろん田中さんが（ ）。」","Kimura: ""cậu tanaka đang tìm việc làm thêm à"". - Tanaka:""đúng rồi"". - Kimura:""chỗ tôi đang làm có tuyển baito đó, thử ứng tuyển không ? Tất nhiên là cậu thích hay không nữa.""",いいなんて,よかったっけ, いいからだよね ,よければだけど,,,,x,,,,"Nếu mà được,nếu mà tốt"
43,昨日、初めてパンを作ってみた。料理雑誌の ___ ___ ★ ___ 、うまく膨らまなかった。,Hôm qua là lần đầu tiên tôi làm bánh. Tôi đã thử làm đúng theo được ghi trong công thức nấu ăn nhưng bánh vẫn không nở.,のに,レシピに書いてある,とおりに,作った,,,,x,,レシピ : công thức,Đúng như,
22,「10倍がゆ」とは、 ___ ___ ★ ___ おかゆのことです。,「10倍がゆ」có nghĩa là cháo được nấu từ 1 phần gạo và 10 phần nước,作った,水,10倍の,米1に対して,,x,,,,,10倍 : gấp 10 lần,
45,私が就職した商社は、大手の ___ ___ ★ ___ 新人でも大きな仕事を任せてもらえるので、やりがいがある。,Công ty thương mại mà tôi xin vào làm so với những công ty lớn thì không bằng nhưng chỉ cần có ý muốn làm thì ngay cả nhân viên mới cũng được giao cho những công việc lớn,決して,商社に比べると,やる気があれば,規模は大きくないが,,,,x,chắc chắn,,,規模 : quy mô
46,彼女は1970年代に活躍したジャズピアニストで、この人 ___ ___ ★ ___ 大きな存在だった。,"Cô ấy là một nhạc sĩ piano nhạc jazz hoạt động vào những năm 1970, cô ấy có vai trò quan trọng tới mức có thể nói không có cô ấy thì nhạc jazz ở Nhật sẽ không thể phát triển được.",語れない,日本のジャズは,抜きには,というほど,x,,,,語る：Kể,"抜き: bỏ qua, không kể đến",,
47,贈り物をするときは、自分の勝手な ___ ___ ★ ___ 、相手の趣味や都合をよく考えて決めましょう。,"Khi tặng quà, nếu chỉ tự ý chọn theo ý của mình thì chưa nói đến việc làm người nhận vui mà có thể gây phiền phức cho họ, vì vậy hãy xem xét kỹ tình hình và sở thích của đối phương rồi quyết định.",思い込みだけで,喜ばれるどころか,迷惑をかけることもあるので,品物を選ぶと,,x,,,"思い込み：Suy nghĩ của bản thân, áp đặt",,迷惑：phiền phức,"品物：vật phẩm, hàng hóa"
